file,title,caption,generated_from
fig_data_efficiency.png,Data-efficiency curves,"Frozen-test top-1 against the nested per-class training fraction. Line is the mean over 3 seeds, band is +/-1 SD. Solid = full fine-tuning, dashed = linear probe on frozen features.",results/tables/master.csv
fig_corruption.png,Corruption degradation curves,"Top-1 against corruption severity for each family, at 100% training data. Mean over 3 seeds, band +/-1 SD. Corruptions are applied deterministically on the fly, identically for both architectures.",results/tables/curves_long.csv
fig_frequency.png,Frequency-response curves,"Accuracy when only frequencies below (left) or above (right) the cutoff radius survive an ideal filter. Dotted line marks Nyquist along an axis. f100, full fine-tuning, mean over 3 seeds.",results/tables/curves_long.csv
fig_band_noise.png,Band-limited noise sensitivity,"Top-1 under additive noise confined to one frequency annulus and rescaled to a constant spatial RMS, so band position is the only variable. Lower means more vulnerable at that frequency.",results/tables/curves_long.csv
fig_frequency_interaction.png,Fraction x frequency interaction,"Low-pass accuracy-vs-cutoff curves, one panel per training fraction. The contribution of this study is the interaction: whether the gap between the two families at a given cutoff widens or narrows as data shrinks.",results/tables/curves_long.csv
fig_frequency_shift.png,Frequency profile shift with data,"Relative retention under equal-energy band-limited noise, each run normalised by its own clean accuracy, at the smallest and largest data fractions. A gap between the two curves means the model's spectral robustness depends on how much fine-tuning data it saw.",results/tables/curves_long.csv
fig_calibration.png,Calibration,"Left: reliability diagram at f100 -- points below the diagonal are over-confident. Right: expected calibration error against training fraction, mean over seeds.",results/tables/calibration.csv
fig_error_overlap.png,Error overlap,Left: how the test set splits by which model was right. Right: kappa corrects agreement for chance; 'same wrong label' isolates shared inductive bias from merely shared difficulty.,results/tables/error_overlap.csv
fig_deployment.png,Deployment cost,"Static cost (parameters, GMACs at 224) and cost measured on the real workload (peak training VRAM, training throughput on an RTX 4060 8 GB).",results/tables/deployment.csv
