file,title,caption,defined_by
dataset_samples.png,Caltech-256 samples,"Sixteen images drawn at random (seed 0) from the frozen test split, after the deterministic evaluation transform Resize(256)+CenterCrop(224).",src/data/transforms.py
class_distribution.png,Class imbalance,"Per-class test-set counts, ranked. The tail is why macro-F1 and worst-decile class accuracy are reported alongside top-1.",src/data/make_splits.py
augmentation_samples.png,Training augmentation,"RandomResizedCrop(224, scale 0.5-1.0) + horizontal flip + light colour jitter (0.2/0.2/0.2, hue 0). Deliberately modest: mixup/cutmix/RandAugment are excluded as confounds. De-normalised for display.",src/data/transforms.py
corruption_ladder.png,Corruption severities,"Three corruption families at five ImageNet-C severities. Applied to the 224x224 crop in [0,1] before normalisation, seeded per (image, severity) so both architectures score on byte-identical inputs. Never written to disk.",src/eval/corruptions.py
frequency_lowpass_ladder.png,Ideal lowpass sweep,"Ideal (brick-wall) lowpass filtering at each swept cutoff radius. Radius is in DFT bins; 112 bins = Nyquist along an axis, and 159 covers the corner so the low-pass mask there is the identity. Ringing is the expected Gibbs artefact of a sharp spectral cutoff.",src/eval/frequency.py
frequency_highpass_ladder.png,Ideal highpass sweep,"Ideal (brick-wall) highpass filtering at each swept cutoff radius. Radius is in DFT bins; 112 bins = Nyquist along an axis, and 159 covers the corner so the low-pass mask there is the identity. Ringing is the expected Gibbs artefact of a sharp spectral cutoff.",src/eval/frequency.py
band_noise_ladder.png,Band-limited noise sweep,"Gaussian noise confined to one frequency annulus and rescaled to a fixed spatial RMS of 0.1. Holding energy constant is what makes band index the only variable, so the resulting curve measures model sensitivity rather than how many DFT bins an annulus happens to contain.",src/eval/frequency.py
fft_construction.png,FFT probe construction,"The demo image, its centred log-magnitude spectrum, and three of the binary radial masks the sweep multiplies it by. Low- and high-pass masks at the same radius are exact complements, which the module's self-test asserts (lowpass + highpass reconstructs the original to 4e-07).",src/eval/frequency.py
fraction_nesting.png,Nested data fractions,"Each smaller fraction is a strict per-class subset of the larger one, so the data-efficiency curve varies only quantity, never composition. Three independent seed nestings give the error bands.",src/data/make_splits.py
